Ano Modelo,Ano de Fabricacao,Chaves,Combustivel,Condicao do Motor,Data Início,Data Término,Descricao Detalhada,Final da Placa,Imagem,KM,Lance Atual,Lance Inicial,Link,Localizacao Detalhe,Lote Número,Marca,Procedencia,Situação,Tabela FIPE,Total Lances,Título,Valor Mercado,Visualizações
N/A,N/A,N/A,N/A,N/A,05/06/2025,09/06/2025,N/A,N/A,https://parquedosleiloesoficial.com/web/fotos/lotes_63_chevrolet-cobalt-19-20_parquedosleilao.com_zz0ca39a8969.JPG,N/A,"R$: 26.500,00","R$: 20.700,00",https://parquedosleiloesoficial.com/lote/CHEVROLET-COBALT-19-20-/63/,N/A,00001,N/A,N/A,ARREMATADO,N/A,30,CHEVROLET COBALT 19/20,N/A,923
2022,2022,Sim,FLEX,DA PARTIDA,17/06/2025,20/06/2025,"Marca: CITROEN
Modelo: C4 
Versão: C4 CACTUS SHINE
KM: 24.297
Ano de Fabricação: 2022
Ano Modelo: 2022
Chaves: Sim
Condição do Motor: DA PARTIDA 
Tabela FIPE R$ 86.809,00
Final da Placa: 1
Combustível: FLEX
Procedência: RECUPERADO DE FINANCIAMENTO",1,https://parquedosleiloesoficial.com/web/fotos/lotes_3_citroen-c4-cactus-22-22_parquedosleilao.com_zzf1372764ad.JPG,24.297,"R$: 47.500,00","R$: 43.500,00",https://parquedosleiloesoficial.com/lote/CITROEN-C4-CACTUS-22-22-/3/,N/A,00001,CITROEN,RECUPERADO DE FINANCIAMENTO,RECEBENDO LANCES,"86.809,00",21,CITROEN C4 CACTUS 22/22,N/A,398
N/A,N/A,N/A,N/A,N/A,12/06/2025,16/06/2025,N/A,N/A,https://parquedosleiloesoficial.com/web/fotos/lotes_379_fiat-argo-1-0-19-20_parquedosleilao.com_zze8d30a0094.JPG,N/A,"R$: 31.500,00","R$: 27.300,00",https://parquedosleiloesoficial.com/lote/FIAT-ARGO-1.0-19-20--/379/,N/A,00001,N/A,N/A,ARREMATADO,N/A,22,FIAT ARGO 1.0 19/20,N/A,947
N/A,N/A,N/A,N/A,N/A,02/06/2025,06/06/2025,N/A,N/A,https://parquedosleiloesoficial.com/web/fotos/lotes_638_fiat-argo-1-0-22-23_parquedosleilao.com_zzed51215f9f.JPG,N/A,"R$: 0,00","R$: 21.500,00",https://parquedosleiloesoficial.com/lote/FIAT-ARGO-1.0-22-23-/638/,N/A,00001,N/A,N/A,NÃO ARREMATADO,N/A,0,FIAT ARGO 1.0 22/23,N/A,26
N/A,N/A,N/A,N/A,N/A,08/06/2025,12/06/2025,N/A,N/A,https://parquedosleiloesoficial.com/web/fotos/lotes_715_honda-civic-1-8-15-16_parquedosleilao.com_zzaa3a65af88.JPG,N/A,"R$: 38.300,00","R$: 35.700,00",https://parquedosleiloesoficial.com/lote/HONDA-CIVIC-1.8-15-16-/715/,N/A,00001,N/A,N/A,ARREMATADO,N/A,14,HONDA CIVIC 1.8 15/16,N/A,552
N/A,N/A,N/A,N/A,N/A,17/01/2025,17/01/2025,N/A,N/A,https://parquedosleiloesoficial.com/web/fotos/lotes_1_hyundai-elantra-gls-1-8-16v-2013_saojoselances.com.br_zz73e00ba1a4.jpg,N/A,"R$: 50.600,00","R$: 17.000,00",https://parquedosleiloesoficial.com/lote/HYUNDAI-ELANTRA-GLS-1.8-16V-2013-/1/,N/A,00001,N/A,N/A,ARREMATADO,N/A,0,HYUNDAI ELANTRA GLS 1.8 16V 2013,N/A,408
N/A,N/A,N/A,N/A,N/A,06/06/2025,10/06/2025,N/A,N/A,https://parquedosleiloesoficial.com/web/fotos/lotes_319_peugeot-2008-16-16_parquedosleilao.com_zzf36908b5bb.jpg,N/A,"R$: 0,00","R$: 17.400,00",https://parquedosleiloesoficial.com/lote/PEUGEOT-2008-16-16-/319/,N/A,00001,N/A,N/A,NÃO ARREMATADO,N/A,0,PEUGEOT 2008 16/16,N/A,6
N/A,N/A,N/A,N/A,N/A,01/06/2025,05/06/2025,N/A,N/A,https://parquedosleiloesoficial.com/web/fotos/lotes_447_peugeot-2008-21-22_parquedosleilao.com_zzb48ea95a9d.JPG,N/A,"R$: 39.500,00","R$: 35.900,00",https://parquedosleiloesoficial.com/lote/PEUGEOT-2008-21-22-/447/,N/A,00001,N/A,N/A,ARREMATADO,N/A,19,PEUGEOT 2008 21/22,N/A,675
N/A,N/A,N/A,N/A,N/A,14/06/2025,18/06/2025,N/A,N/A,https://parquedosleiloesoficial.com/web/fotos/lotes_836_peugeot-208-1-0-24-24_parquedosleilao.com_zz43d58496dc.JPG,N/A,"R$: 52.200,00","R$: 47.800,00",https://parquedosleiloesoficial.com/lote/PEUGEOT-208-1.0-24-24-/836/,N/A,00001,N/A,N/A,ARREMATADO,N/A,23,PEUGEOT 208 1.0 24/24,N/A,566
N/A,N/A,N/A,N/A,N/A,07/06/2025,11/06/2025,N/A,N/A,https://parquedosleiloesoficial.com/web/fotos/lotes_502_renault-clio-1-0-14-14_parquedosleilao.com_zz7206f3e438.jpg,N/A,"R$: 0,00","R$: 15.900,00",https://parquedosleiloesoficial.com/lote/RENAULT-CLIO-1.0-14-14-/502/,N/A,00001,N/A,N/A,NÃO ARREMATADO,N/A,0,RENAULT CLIO 1.0 14/14,N/A,7
N/A,N/A,N/A,N/A,N/A,31/05/2025,04/06/2025,N/A,N/A,https://parquedosleiloesoficial.com/web/fotos/lotes_124_toyota-hilux-20-20_parquedosleilao.com_zzb561748575.JPG,N/A,"R$: 91.500,00","R$: 88.300,00",https://parquedosleiloesoficial.com/lote/TOYOTA-HILUX-20-20-/124/,N/A,00001,N/A,N/A,ARREMATADO,N/A,17,TOYOTA HILUX 20/20,N/A,551
N/A,N/A,N/A,N/A,N/A,11/06/2025,13/06/2025,N/A,N/A,https://parquedosleiloesoficial.com/web/fotos/lotes_259_volkswagen-t-cross-23-24_parquedosleilao.com_zz1ed5af3cf1.jpg,N/A,"R$: 52.300,00","R$: 49.700,00",https://parquedosleiloesoficial.com/lote/VOLKSWAGEN-T-CROSS-23-24-/259/,N/A,00001,N/A,N/A,ARREMATADO,N/A,14,VOLKSWAGEN T-CROSS 23/24,N/A,318
N/A,N/A,N/A,N/A,N/A,14/06/2025,18/06/2025,N/A,N/A,https://parquedosleiloesoficial.com/web/fotos/lotes_579_bmw-218i-21-22_parquedosleilao.com_zzab7402c20a.JPG,N/A,"R$: 96.900,00","R$: 94.300,00",https://parquedosleiloesoficial.com/lote/BMW-218I-21-22-/579/,N/A,00002,N/A,N/A,ARREMATADO,N/A,14,BMW 218I 21/22,N/A,522
N/A,N/A,N/A,N/A,N/A,11/06/2025,13/06/2025,N/A,N/A,https://parquedosleiloesoficial.com/web/fotos/lotes_260_chevrolet-tracker-22-23_parquedosleilao.com_zz15e0779cc7.jpg,N/A,"R$: 45.900,00","R$: 42.500,00",https://parquedosleiloesoficial.com/lote/CHEVROLET-TRACKER-22-23-/260/,N/A,00002,N/A,N/A,ARREMATADO,N/A,18,CHEVROLET TRACKER 22/23,N/A,299
N/A,N/A,N/A,N/A,N/A,31/05/2025,04/06/2025,N/A,N/A,https://parquedosleiloesoficial.com/web/fotos/lotes_125_chevrolet-trailblazer-18-19_parquedosleilao.com_zza897dc4c3d.JPG,N/A,"R$: 73.600,00","R$: 70.400,00",https://parquedosleiloesoficial.com/lote/CHEVROLET-TRAILBLAZER-18-19-/125/,N/A,00002,N/A,N/A,ARREMATADO,N/A,17,CHEVROLET TRAILBLAZER 18/19,N/A,601
N/A,N/A,N/A,N/A,N/A,07/06/2025,11/06/2025,N/A,N/A,https://parquedosleiloesoficial.com/web/fotos/lotes_503_citroen-c3-1-5-12-13_parquedosleilao.com_zz247df9d74a.jpg,N/A,"R$: 0,00","R$: 17.600,00",https://parquedosleiloesoficial.com/lote/CITROEN-C3-1.5-12-13-/503/,N/A,00002,N/A,N/A,NÃO ARREMATADO,N/A,0,CITROËN C3 1.5 12/13,N/A,5
N/A,N/A,N/A,N/A,N/A,12/06/2025,16/06/2025,N/A,N/A,https://parquedosleiloesoficial.com/web/fotos/lotes_380_citroen-c4-cactus-1-6-22-23_parquedosleilao.com_zz74d248160f.JPG,N/A,"R$: 46.000,00","R$: 40.400,00",https://parquedosleiloesoficial.com/lote/CITROEN-C4-CACTUS-1.6-22-23-/380/,N/A,00002,N/A,N/A,ARREMATADO,N/A,29,CITROEN C4 CACTUS 1.6 22/23,N/A,976
N/A,N/A,N/A,N/A,N/A,01/06/2025,05/06/2025,N/A,N/A,https://parquedosleiloesoficial.com/web/fotos/lotes_448_fiat-argo-1-0-20-21_parquedosleilao.com_zze5dbd5d242.JPG,N/A,"R$: 32.200,00","R$: 29.400,00",https://parquedosleiloesoficial.com/lote/FIAT-ARGO-1.0-20-21-/448/,N/A,00002,N/A,N/A,ARREMATADO,N/A,15,FIAT ARGO 1.0 20/21,N/A,608
N/A,N/A,N/A,N/A,N/A,06/06/2025,10/06/2025,N/A,N/A,https://parquedosleiloesoficial.com/web/fotos/lotes_320_fiat-argo-1-3-17-18_parquedosleilao.com_zz1a39d38146.jpg,N/A,"R$: 0,00","R$: 16.800,00",https://parquedosleiloesoficial.com/lote/FIAT-ARGO-1.3-17-18-/320/,N/A,00002,N/A,N/A,NÃO ARREMATADO,N/A,0,FIAT ARGO 1.3 17/18,N/A,5
N/A,N/A,N/A,N/A,N/A,02/06/2025,06/06/2025,N/A,N/A,https://parquedosleiloesoficial.com/web/fotos/lotes_639_honda-civic-2-0-17-17_parquedosleilao.com_zzed1f828361.JPG,N/A,"R$: 0,00","R$: 40.200,00",https://parquedosleiloesoficial.com/lote/HONDA-CIVIC-2.0-17-17-/639/,N/A,00002,N/A,N/A,NÃO ARREMATADO,N/A,0,HONDA CIVIC 2.0 17/17,N/A,34
N/A,N/A,N/A,N/A,N/A,08/06/2025,12/06/2025,N/A,N/A,https://parquedosleiloesoficial.com/web/fotos/lotes_716_jeep-compass-2-0-18-19_parquedosleilao.com_zz254064c1ba.JPG,N/A,"R$: 50.800,00","R$: 48.400,00",https://parquedosleiloesoficial.com/lote/JEEP-COMPASS-2.0-18-19-/716/,N/A,00002,N/A,N/A,ARREMATADO,N/A,13,JEEP COMPASS 2.0 18/19,N/A,524
2015,2014,Sim,FLEX,DA PARTIDA,17/06/2025,20/06/2025,"Marca: VOLKSWAGEN 
Modelo: UP 
Versão: UP TAKE MA
KM: 109.768
Ano de Fabricação: 2014
Ano Modelo: 2015
Chaves: Sim
Condição do Motor: DA PARTIDA 
Tabela FIPE R$  38.950,00
Final da Placa: 2
Combustível: FLEX
Procedência: RECUPERADO DE FINANCIAMENTO",2,https://parquedosleiloesoficial.com/web/fotos/lotes_4_volkswagen-up-1-0-14-15_parquedosleilao.com_zza6349cffa5.JPG,109.768,"R$: 23.200,00","R$: 19.200,00",https://parquedosleiloesoficial.com/lote/VOLKSWAGEN-UP-1.0-14-15-/4/,N/A,00002,VOLKSWAGEN,RECUPERADO DE FINANCIAMENTO,RECEBENDO LANCES,"38.950,00",21,VOLKSWAGEN UP 1.0 14/15,N/A,490
N/A,N/A,N/A,N/A,N/A,01/06/2025,05/06/2025,N/A,N/A,https://parquedosleiloesoficial.com/web/fotos/lotes_449_bmw-328i-15-15_parquedosleilao.com_zz0569a5c9ea.JPG,N/A,"R$: 64.200,00","R$: 59.200,00",https://parquedosleiloesoficial.com/lote/BMW-328I-15-15-/449/,N/A,00003,N/A,N/A,ARREMATADO,N/A,26,BMW 328I 15/15,N/A,628
N/A,N/A,N/A,N/A,N/A,06/06/2025,10/06/2025,N/A,N/A,https://parquedosleiloesoficial.com/web/fotos/lotes_321_chevrolet-camaro-6-2-11-11_parquedosleilao.com_zzc67dbe69ab.jpg,N/A,"R$: 0,00","R$: 91.200,00",https://parquedosleiloesoficial.com/lote/CHEVROLET-CAMARO-6.2-11-11-/321/,N/A,00003,N/A,N/A,NÃO ARREMATADO,N/A,0,CHEVROLET CAMARO 6.2 11/11,N/A,5
N/A,N/A,N/A,N/A,N/A,12/06/2025,16/06/2025,N/A,N/A,https://parquedosleiloesoficial.com/web/fotos/lotes_381_chevrolet-celta-1-0-10-11_parquedosleilao.com_zz0790d18609.JPG,N/A,"R$: 14.800,00","R$: 10.200,00",https://parquedosleiloesoficial.com/lote/CHEVROLET-CELTA-1.0-10-11-/381/,N/A,00003,N/A,N/A,ARREMATADO,N/A,24,CHEVROLET CELTA 1.0 10/11,N/A,953
2019,2018,Sim,FLEX,DA PARTIDA,17/06/2025,20/06/2025,"Marca: CHEVROLET
Modelo: ONIX 
Versão: ONIX 1.0 10MT JOYE
KM: 23.229
Ano de Fabricação: 2018
Ano Modelo: 2019
Chaves: Sim
Condição do Motor: DA PARTIDA 
Tabela FIPE R$ 46.508,00
Final da Placa: 4
Combustível: FLEX
Procedência: RECUPERADO DE FINANCIAMENTO",4,https://parquedosleiloesoficial.com/web/fotos/lotes_5_chevrolet-onix-1-0-18-19_parquedosleilao.com_zzca6a911413.JPG,23.229,"R$: 27.000,00","R$: 23.800,00",https://parquedosleiloesoficial.com/lote/CHEVROLET-ONIX-1.0-18-19-/5/,N/A,00003,CHEVROLET,RECUPERADO DE FINANCIAMENTO,RECEBENDO LANCES,"46.508,00",17,CHEVROLET ONIX 1.0 18/19,N/A,449
N/A,N/A,N/A,N/A,N/A,07/06/2025,11/06/2025,N/A,N/A,https://parquedosleiloesoficial.com/web/fotos/lotes_504_honda-civic-2-0-16-17_parquedosleilao.com_zz3c4431ef62.jpg,N/A,"R$: 0,00","R$: 48.300,00",https://parquedosleiloesoficial.com/lote/HONDA-CIVIC-2.0-16-17-/504/,N/A,00003,N/A,N/A,NÃO ARREMATADO,N/A,0,HONDA CIVIC 2.0 16/17,N/A,8
N/A,N/A,N/A,N/A,N/A,02/06/2025,06/06/2025,N/A,N/A,https://parquedosleiloesoficial.com/web/fotos/lotes_640_jeep-compass-2-0-17-18_parquedosleilao.com_zz306a56ac64.JPG,N/A,"R$: 0,00","R$: 36.800,00",https://parquedosleiloesoficial.com/lote/JEEP-COMPASS-2.0-17-18--/640/,N/A,00003,N/A,N/A,NÃO ARREMATADO,N/A,0,JEEP COMPASS 2.0 17/18,N/A,9
N/A,N/A,N/A,N/A,N/A,31/05/2025,04/06/2025,N/A,N/A,https://parquedosleiloesoficial.com/web/fotos/lotes_126_jeep-compass-20-20_parquedosleilao.com_zz7ce39cba82.jpg,N/A,"R$: 65.400,00","R$: 61.400,00",https://parquedosleiloesoficial.com/lote/JEEP-COMPASS-20-20-/126/,N/A,00003,N/A,N/A,ARREMATADO,N/A,21,JEEP COMPASS 20/20,N/A,552
N/A,N/A,N/A,N/A,N/A,14/06/2025,18/06/2025,N/A,N/A,https://parquedosleiloesoficial.com/web/fotos/lotes_580_mercedes-benz-a200-1-6-13-14_parquedosleilao.com_zz8d7ae434d9.JPG,N/A,"R$: 42.900,00","R$: 40.300,00",https://parquedosleiloesoficial.com/lote/MERCEDES-BENZ-A200-1.6-13-14-/580/,N/A,00003,N/A,N/A,ARREMATADO,N/A,14,MERCEDES BENZ A200 1.6 13/14,N/A,536
N/A,N/A,N/A,N/A,N/A,05/06/2025,09/06/2025,N/A,N/A,https://parquedosleiloesoficial.com/web/fotos/lotes_65_nissan-kicks-21-22_parquedosleilao.com_zz6c15dafd3f.JPG,N/A,"R$: 43.600,00","R$: 39.400,00",https://parquedosleiloesoficial.com/lote/NISSAN-KICKS-21-22-/65/,N/A,00003,N/A,N/A,ARREMATADO,N/A,22,NISSAN KICKS 21/22,N/A,849
N/A,N/A,N/A,N/A,N/A,11/06/2025,13/06/2025,N/A,N/A,https://parquedosleiloesoficial.com/web/fotos/lotes_261_toyota-corolla-17-18_parquedosleilao.com_zz601d055ab0.jpg,N/A,"R$: 45.200,00","R$: 42.800,00",https://parquedosleiloesoficial.com/lote/TOYOTA-COROLLA-17-18-/261/,N/A,00003,N/A,N/A,ARREMATADO,N/A,13,TOYOTA COROLLA 17/18,N/A,278
N/A,N/A,N/A,N/A,N/A,08/06/2025,12/06/2025,N/A,N/A,https://parquedosleiloesoficial.com/web/fotos/lotes_717_toyota-corolla-2-0-22-23_parquedosleilao.com_zz67837d3b3f.JPG,N/A,"R$: 66.900,00","R$: 64.100,00",https://parquedosleiloesoficial.com/lote/TOYOTA-COROLLA-2.0-22-23--/717/,N/A,00003,N/A,N/A,ARREMATADO,N/A,15,TOYOTA COROLLA 2.0 22/23,N/A,557
N/A,N/A,N/A,N/A,N/A,07/06/2025,11/06/2025,N/A,N/A,https://parquedosleiloesoficial.com/web/fotos/lotes_505_audi-a4-2-0-16-17_parquedosleilao.com_zz3b2ecfb2a8.jpg,N/A,"R$: 0,00","R$: 58.200,00",https://parquedosleiloesoficial.com/lote/AUDI-A4-2.0-16-17-/505/,N/A,00004,N/A,N/A,NÃO ARREMATADO,N/A,0,AUDI A4 2.0 16/17,N/A,4
N/A,N/A,N/A,N/A,N/A,14/06/2025,18/06/2025,N/A,N/A,https://parquedosleiloesoficial.com/web/fotos/lotes_581_citroen-c3-1-0-23-23_parquedosleilao.com_zza1b197ee16.JPG,N/A,"R$: 39.400,00","R$: 34.800,00",https://parquedosleiloesoficial.com/lote/CITROEN-C3-1.0-23-23-/581/,N/A,00004,N/A,N/A,ARREMATADO,N/A,24,CITROEN C3 1.0 23/23,N/A,494
N/A,N/A,N/A,N/A,N/A,05/06/2025,09/06/2025,N/A,N/A,https://parquedosleiloesoficial.com/web/fotos/lotes_66_ford-ka-08-09_parquedosleilao.com_zza5270f6fb8.jpg,N/A,"R$: 12.500,00","R$: 6.500,00",https://parquedosleiloesoficial.com/lote/FORD-KA-08-09-/66/,N/A,00004,N/A,N/A,ARREMATADO,N/A,31,FORD KA 08/09,N/A,837
N/A,N/A,N/A,N/A,N/A,31/05/2025,04/06/2025,N/A,N/A,https://parquedosleiloesoficial.com/web/fotos/lotes_127_ford-ranger-17-17_parquedosleilao.com_zzf32dc4b0df.JPG,N/A,"R$: 60.800,00","R$: 57.200,00",https://parquedosleiloesoficial.com/lote/FORD-RANGER-17-17--/127/,N/A,00004,N/A,N/A,ARREMATADO,N/A,19,FORD RANGER 17/17,N/A,571
N/A,N/A,N/A,N/A,N/A,06/06/2025,10/06/2025,N/A,N/A,https://parquedosleiloesoficial.com/web/fotos/lotes_322_honda-city-sedan-1-5-12-13_parquedosleilao.com_zzbf103f5bbe.jpg,N/A,"R$: 0,00","R$: 14.500,00",https://parquedosleiloesoficial.com/lote/HONDA-CITY-SEDAN-1.5-12-13-/322/,N/A,00004,N/A,N/A,NÃO ARREMATADO,N/A,0,HONDA CITY SEDAN 1.5 12/13,N/A,14
N/A,N/A,N/A,N/A,N/A,01/06/2025,05/06/2025,N/A,N/A,https://parquedosleiloesoficial.com/web/fotos/lotes_450_jeep-cherokee-3-6-10-11_parquedosleilao.com_zz0e5f150fa9.JPG,N/A,"R$: 35.300,00","R$: 30.900,00",https://parquedosleiloesoficial.com/lote/JEEP-CHEROKEE-3.6-10-11-/450/,N/A,00004,N/A,N/A,ARREMATADO,N/A,23,JEEP CHEROKEE 3.6 10/11,N/A,602
N/A,N/A,N/A,N/A,N/A,11/06/2025,13/06/2025,N/A,N/A,https://parquedosleiloesoficial.com/web/fotos/lotes_262_jeep-compass-18-19_parquedosleilao.com_zzd3828e7180.jpg,N/A,"R$: 39.000,00","R$: 36.400,00",https://parquedosleiloesoficial.com/lote/JEEP-COMPASS-18-19-/262/,N/A,00004,N/A,N/A,ARREMATADO,N/A,14,JEEP COMPASS 18/19,N/A,306
N/A,N/A,N/A,N/A,N/A,12/06/2025,16/06/2025,N/A,N/A,https://parquedosleiloesoficial.com/web/fotos/lotes_382_land-rover-discovery-22-23_parquedosleilao.com_zz7773d16939.JPG,N/A,"R$: 191.400,00","R$: 186.800,00",https://parquedosleiloesoficial.com/lote/LAND-ROVER-DISCOVERY-22-23--/382/,N/A,00004,N/A,N/A,ARREMATADO,N/A,24,LAND ROVER DISCOVERY 22/23,N/A,900
2023,2022,Sim,FLEX,DA PARTIDA,17/06/2025,20/06/2025,"Marca: PEUGEOT
Modelo: 208 
Versão: 208 ACTIVE AT1
KM: 45.137
Ano de Fabricação: 2022
Ano Modelo: 2023
Chaves: Sim
Condição do Motor: DA PARTIDA 
Tabela FIPE R$ 72.967,00
Final da Placa: 4
Combustível: FLEX
Procedência: RECUPERADO DE FINANCIAMENTO",4,https://parquedosleiloesoficial.com/web/fotos/lotes_6_peugeot-208-22-23_parquedosleilao.com_zz595aa9d2b6.JPG,45.137,"R$: 40.500,00","R$: 36.700,00",https://parquedosleiloesoficial.com/lote/PEUGEOT-208-22-23-/6/,N/A,00004,PEUGEOT,RECUPERADO DE FINANCIAMENTO,RECEBENDO LANCES,"72.967,00",20,PEUGEOT 208 22/23,N/A,384
N/A,N/A,N/A,N/A,N/A,02/06/2025,06/06/2025,N/A,N/A,https://parquedosleiloesoficial.com/web/fotos/lotes_641_toyota-corolla-2-0-15-16_parquedosleilao.com_zza3d672eae9.JPG,N/A,"R$: 0,00","R$: 31.900,00",https://parquedosleiloesoficial.com/lote/TOYOTA-COROLLA-2.0-15-16-/641/,N/A,00004,N/A,N/A,NÃO ARREMATADO,N/A,0,TOYOTA COROLLA 2.0 15/16,N/A,19
N/A,N/A,N/A,N/A,N/A,08/06/2025,12/06/2025,N/A,N/A,https://parquedosleiloesoficial.com/web/fotos/lotes_718_volkswagen-nivus-1-0-21-21_parquedosleilao.com_zzc9e1c9e54d.JPG,N/A,"R$: 56.100,00","R$: 53.500,00",https://parquedosleiloesoficial.com/lote/VOLKSWAGEN-NIVUS-1.0-21-21-/718/,N/A,00004,N/A,N/A,ARREMATADO,N/A,14,VOLKSWAGEN NIVUS 1.0 21/21,N/A,466
N/A,N/A,N/A,N/A,N/A,11/06/2025,13/06/2025,N/A,N/A,https://parquedosleiloesoficial.com/web/fotos/lotes_263_chevrolet-onix-18-19_parquedosleilao.com_zzdd4942e3f5.jpg,N/A,"R$: 18.400,00","R$: 16.200,00",https://parquedosleiloesoficial.com/lote/CHEVROLET-ONIX-18-19-/263/,N/A,00005,N/A,N/A,ARREMATADO,N/A,12,CHEVROLET ONIX 18/19,N/A,300
N/A,N/A,N/A,N/A,N/A,31/05/2025,04/06/2025,N/A,N/A,https://parquedosleiloesoficial.com/web/fotos/lotes_128_chevrolet-s10-ls-dd4-20-20_parquedosleilao.com_zz195b19b391.JPG,N/A,"R$: 68.500,00","R$: 63.500,00",https://parquedosleiloesoficial.com/lote/CHEVROLET-S10-LS-DD4-20-20-/128/,N/A,00005,N/A,N/A,ARREMATADO,N/A,26,CHEVROLET S10 LS DD4 20/20,N/A,603
N/A,N/A,N/A,N/A,N/A,05/06/2025,09/06/2025,N/A,N/A,https://parquedosleiloesoficial.com/web/fotos/lotes_67_fiat-uno-12-12_parquedosleilao.com_zza2ccc916ab.jpg,N/A,"R$: 11.600,00","R$: 7.800,00",https://parquedosleiloesoficial.com/lote/FIAT-UNO-12-12--/67/,N/A,00005,N/A,N/A,ARREMATADO,N/A,20,FIAT UNO 12/12,N/A,830
N/A,N/A,N/A,N/A,N/A,06/06/2025,10/06/2025,N/A,N/A,https://parquedosleiloesoficial.com/web/fotos/lotes_323_honda-civic-1-8-12-13_parquedosleilao.com_zz55fbcaf6ab.jpg,N/A,"R$: 0,00","R$: 21.600,00",https://parquedosleiloesoficial.com/lote/HONDA-CIVIC-1.8-12-13-/323/,N/A,00005,N/A,N/A,NÃO ARREMATADO,N/A,0,HONDA CIVIC 1.8 12/13,N/A,3
N/A,N/A,N/A,N/A,N/A,07/06/2025,11/06/2025,N/A,N/A,https://parquedosleiloesoficial.com/web/fotos/lotes_506_honda-fit-1-4-03-04_parquedosleilao.com_zz246ddf581f.jpg,N/A,"R$: 0,00","R$: 12.400,00",https://parquedosleiloesoficial.com/lote/HONDA-FIT-1.4-03-04-/506/,N/A,00005,N/A,N/A,NÃO ARREMATADO,N/A,0,HONDA FIT 1.4 03/04,N/A,2
N/A,N/A,N/A,N/A,N/A,02/06/2025,06/06/2025,N/A,N/A,https://parquedosleiloesoficial.com/web/fotos/lotes_642_hyundai-creta-1-0-21-22_parquedosleilao.com_zz45b50eb61c.JPG,N/A,"R$: 0,00","R$: 48.200,00",https://parquedosleiloesoficial.com/lote/HYUNDAI-CRETA-1.0-21-22-/642/,N/A,00005,N/A,N/A,NÃO ARREMATADO,N/A,0,HYUNDAI CRETA 1.0 21/22,N/A,7
2013,2012,Sim,GASOLINA,DA PARTIDA,17/06/2025,20/06/2025,"Marca: HYUNDAI
Modelo: TUCSON 
Versão: TUCSON GLSB
KM: 70.350
Ano de Fabricação: 2012
Ano Modelo: 2013
Chaves: Sim
Condição do Motor: DA PARTIDA 
Tabela FIPE R$ 46.137,00
Final da Placa: 6
Combustível: GASOLINA
Procedência: RECUPERADO DE FINANCIAMENTO",6,https://parquedosleiloesoficial.com/web/fotos/lotes_7_hyundai-tucson-12-13_parquedosleilao.com_zzca057c705e.JPG,70.350,"R$: 27.000,00","R$: 23.400,00",https://parquedosleiloesoficial.com/lote/HYUNDAI-TUCSON-12-13-/7/,N/A,00005,HYUNDAI,RECUPERADO DE FINANCIAMENTO,RECEBENDO LANCES,"46.137,00",19,HYUNDAI TUCSON 12/13,N/A,396
N/A,N/A,N/A,N/A,N/A,14/06/2025,18/06/2025,N/A,N/A,https://parquedosleiloesoficial.com/web/fotos/lotes_582_jeep-compass-18-18_parquedosleilao.com_zz8efecc5a77.JPG,N/A,"R$: 51.900,00","R$: 48.500,00",https://parquedosleiloesoficial.com/lote/JEEP-COMPASS-18-18--/582/,N/A,00005,N/A,N/A,ARREMATADO,N/A,18,JEEP COMPASS 18/18,N/A,529
N/A,N/A,N/A,N/A,N/A,01/06/2025,05/06/2025,N/A,N/A,https://parquedosleiloesoficial.com/web/fotos/lotes_451_renault-clio-1-0-13-14_parquedosleilao.com_zz6817aecc48.JPG,N/A,"R$: 17.800,00","R$: 14.600,00",https://parquedosleiloesoficial.com/lote/RENAULT-CLIO-1.0-13-14-/451/,N/A,00005,N/A,N/A,ARREMATADO,N/A,17,RENAULT CLIO 1.0 13/14,N/A,655
N/A,N/A,N/A,N/A,N/A,12/06/2025,16/06/2025,N/A,N/A,https://parquedosleiloesoficial.com/web/fotos/lotes_383_renault-duster-1-6-15-16_parquedosleilao.com_zz4aa499d651.JPG,N/A,"R$: 35.500,00","R$: 30.500,00",https://parquedosleiloesoficial.com/lote/RENAULT-DUSTER-1.6-15-16-/383/,N/A,00005,N/A,N/A,ARREMATADO,N/A,26,RENAULT DUSTER 1.6 15/16,N/A,923
N/A,N/A,N/A,N/A,N/A,08/06/2025,12/06/2025,N/A,N/A,https://parquedosleiloesoficial.com/web/fotos/lotes_719_volkswagen-t-cross-1-0-20-20_parquedosleilao.com_zzec29591fd1.JPG,N/A,"R$: 50.800,00","R$: 48.400,00",https://parquedosleiloesoficial.com/lote/VOLKSWAGEN-T-CROSS-1.0-20-20-/719/,N/A,00005,N/A,N/A,ARREMATADO,N/A,13,VOLKSWAGEN T-CROSS 1.0 20/20,N/A,554
N/A,N/A,N/A,N/A,N/A,06/06/2025,10/06/2025,N/A,N/A,https://parquedosleiloesoficial.com/web/fotos/lotes_324_chevrolet-classic-1-0-15-15_parquedosleilao.com_zz9b64a71311.jpg,N/A,"R$: 0,00","R$: 8.600,00",https://parquedosleiloesoficial.com/lote/CHEVROLET-CLASSIC-1.0-15-15-/324/,N/A,00006,N/A,N/A,NÃO ARREMATADO,N/A,0,CHEVROLET CLASSIC 1.0 15/15,N/A,13
N/A,N/A,N/A,N/A,N/A,01/06/2025,05/06/2025,N/A,N/A,https://parquedosleiloesoficial.com/web/fotos/lotes_452_chevrolet-cruze-22-23_parquedosleilao.com_zz08d4f77bbf.JPG,N/A,"R$: 68.500,00","R$: 64.300,00",https://parquedosleiloesoficial.com/lote/CHEVROLET-CRUZE-22-23-/452/,N/A,00006,N/A,N/A,ARREMATADO,N/A,22,CHEVROLET CRUZE 22/23,N/A,632
N/A,N/A,N/A,N/A,N/A,05/06/2025,09/06/2025,N/A,N/A,https://parquedosleiloesoficial.com/web/fotos/lotes_68_fiat-siena-13-13_parquedosleilao.com_zzd3c4ea89af.jpg,N/A,"R$: 13.900,00","R$: 9.300,00",https://parquedosleiloesoficial.com/lote/FIAT-SIENA-13-13-/68/,N/A,00006,N/A,N/A,ARREMATADO,N/A,24,FIAT SIENA 13/13,N/A,854
N/A,N/A,N/A,N/A,N/A,08/06/2025,12/06/2025,N/A,N/A,https://parquedosleiloesoficial.com/web/fotos/lotes_720_honda-civic-2-0-20-20_parquedosleilao.com_zzd98f9fcfd2.JPG,N/A,"R$: 63.300,00","R$: 59.300,00",https://parquedosleiloesoficial.com/lote/HONDA-CIVIC-2.0-20-20-/720/,N/A,00006,N/A,N/A,ARREMATADO,N/A,21,HONDA CIVIC 2.0 20/20,N/A,525
N/A,N/A,N/A,N/A,N/A,02/06/2025,06/06/2025,N/A,N/A,https://parquedosleiloesoficial.com/web/fotos/lotes_643_honda-fit-1-5-15-16_parquedosleilao.com_zz5d00a24ef4.JPG,N/A,"R$: 0,00","R$: 22.600,00",https://parquedosleiloesoficial.com/lote/HONDA-FIT-1.5-15-16-/643/,N/A,00006,N/A,N/A,NÃO ARREMATADO,N/A,0,HONDA FIT 1.5 15/16,N/A,12
N/A,N/A,N/A,N/A,N/A,14/06/2025,18/06/2025,N/A,N/A,https://parquedosleiloesoficial.com/web/fotos/lotes_583_hyundai-creta-1-0-24-25_parquedosleilao.com_zz9dbe78dc88.JPG,N/A,"R$: 68.700,00","R$: 65.500,00",https://parquedosleiloesoficial.com/lote/HYUNDAI-CRETA-1.0-24-25-/583/,N/A,00006,N/A,N/A,ARREMATADO,N/A,17,HYUNDAI CRETA 1.0 24/25,N/A,540
N/A,N/A,N/A,N/A,N/A,11/06/2025,13/06/2025,N/A,N/A,https://parquedosleiloesoficial.com/web/fotos/lotes_264_renault-kwid-23-24_parquedosleilao.com_zze5930aa045.jpg,N/A,"R$: 22.600,00","R$: 20.600,00",https://parquedosleiloesoficial.com/lote/RENAULT-KWID-23-24-/264/,N/A,00006,N/A,N/A,ARREMATADO,N/A,11,RENAULT KWID 23/24,N/A,278
N/A,N/A,N/A,N/A,N/A,12/06/2025,16/06/2025,N/A,N/A,https://parquedosleiloesoficial.com/web/fotos/lotes_384_toyota-etios-1-3-16-17_parquedosleilao.com_zz78e9233415.JPG,N/A,"R$: 30.900,00","R$: 24.700,00",https://parquedosleiloesoficial.com/lote/TOYOTA-ETIOS-1.3-16-17-/384/,N/A,00006,N/A,N/A,ARREMATADO,N/A,32,TOYOTA ETIOS 1.3 16/17,N/A,950
N/A,N/A,N/A,N/A,N/A,07/06/2025,11/06/2025,N/A,N/A,https://parquedosleiloesoficial.com/web/fotos/lotes_507_volkswagen-saveiro-1-6-13-14_parquedosleilao.com_zz10b7353d21.jpg,N/A,"R$: 25.500,00","R$: 24.700,00",https://parquedosleiloesoficial.com/lote/VOLKSWAGEN-SAVEIRO-1.6-13-14-/507/,N/A,00006,N/A,N/A,ARREMATADO,N/A,5,VOLKSWAGEN SAVEIRO 1.6 13/14,N/A,43
N/A,N/A,N/A,N/A,N/A,31/05/2025,04/06/2025,N/A,N/A,https://parquedosleiloesoficial.com/web/fotos/lotes_129_volkswagen-t-cross-19-20_parquedosleilao.com_zze31d8dcbae.jpg,N/A,"R$: 51.500,00","R$: 48.700,00",https://parquedosleiloesoficial.com/lote/VOLKSWAGEN-T-CROSS-19-20-/129/,N/A,00006,N/A,N/A,ARREMATADO,N/A,15,VOLKSWAGEN T-CROSS 19/20,N/A,606
2014,2013,Sim,FLEX,DA PARTIDA,17/06/2025,20/06/2025,"Marca: VOLKSWAGEN 
Modelo: VOYAGE 
Versão: NOVO VOYAGE 1.0
KM: 82.888
Ano de Fabricação: 2013
Ano Modelo: 2014
Chaves: Sim
Condição do Motor: DA PARTIDA 
Tabela FIPE R$ 37.082,00
Final da Placa: 8
Combustível: FLEX
Procedência: RECUPERADO DE FINANCIAMENTO",8,https://parquedosleiloesoficial.com/web/fotos/lotes_8_volkswagen-voyage-1-0-13-14_parquedosleilao.com_zz7d15aeeb56.JPG,82.888,"R$: 21.900,00","R$: 18.300,00",https://parquedosleiloesoficial.com/lote/VOLKSWAGEN-VOYAGE-1.0-13-14-/8/,N/A,00006,VOLKSWAGEN,RECUPERADO DE FINANCIAMENTO,RECEBENDO LANCES,"37.082,00",19,VOLKSWAGEN VOYAGE 1.0 13/14,N/A,402
2013,2012,Sim,FLEX,DA PARTIDA,17/06/2025,20/06/2025,"Marca: FIAT
Modelo: LINEA 
Versão: LINEA ESSENCE 1.8
KM: 164.446
Ano de Fabricação: 2012
Ano Modelo: 2013
Chaves: Sim
Condição do Motor: DA PARTIDA 
Tabela FIPE R$ 30.212,00
Final da Placa: 2
Combustível: FLEX
Procedência: RECUPERADO DE FINANCIAMENTO",2,https://parquedosleiloesoficial.com/web/fotos/lotes_9_fiat-linea-12-13_parquedosleilao.com_zzac35156f5d.JPG,164.446,"R$: 19.800,00","R$: 15.600,00",https://parquedosleiloesoficial.com/lote/FIAT-LINEA-12-13-/9/,N/A,00007,FIAT,RECUPERADO DE FINANCIAMENTO,RECEBENDO LANCES,"30.212,00",22,FIAT LINEA 12/13,N/A,373
N/A,N/A,N/A,N/A,N/A,11/06/2025,13/06/2025,N/A,N/A,https://parquedosleiloesoficial.com/web/fotos/lotes_265_fiat-mobi-22-23_parquedosleilao.com_zz8544191a72.jpg,N/A,"R$: 18.100,00","R$: 16.700,00",https://parquedosleiloesoficial.com/lote/FIAT-MOBI-22-23-/265/,N/A,00007,N/A,N/A,ARREMATADO,N/A,8,FIAT MOBI 22/23,N/A,271
N/A,N/A,N/A,N/A,N/A,12/06/2025,16/06/2025,N/A,N/A,https://parquedosleiloesoficial.com/web/fotos/lotes_385_ford-fiesta-1-6-11-12_parquedosleilao.com_zz02ad82333d.JPG,N/A,"R$: 20.500,00","R$: 15.900,00",https://parquedosleiloesoficial.com/lote/FORD-FIESTA-1.6-11-12-/385/,N/A,00007,N/A,N/A,ARREMATADO,N/A,24,FORD FIESTA 1.6 11/12,N/A,902
N/A,N/A,N/A,N/A,N/A,05/06/2025,09/06/2025,N/A,N/A,https://parquedosleiloesoficial.com/web/fotos/lotes_69_ford-fiesta-13-14_parquedosleilao.com_zz9f5c7d9118.jpg,N/A,"R$: 10.300,00","R$: 9.500,00",https://parquedosleiloesoficial.com/lote/FORD-FIESTA-13-14-/69/,N/A,00007,N/A,N/A,ARREMATADO,N/A,5,FORD FIESTA 13/14,N/A,210
N/A,N/A,N/A,N/A,N/A,06/06/2025,10/06/2025,N/A,N/A,https://parquedosleiloesoficial.com/web/fotos/lotes_325_jeep-compass-19-19_parquedosleilao.com_zz3574710920.jpg,N/A,"R$: 0,00","R$: 37.300,00",https://parquedosleiloesoficial.com/lote/JEEP-COMPASS-19-19-/325/,N/A,00007,N/A,N/A,NÃO ARREMATADO,N/A,0,JEEP COMPASS 19/19,N/A,3
N/A,N/A,N/A,N/A,N/A,31/05/2025,04/06/2025,N/A,N/A,https://parquedosleiloesoficial.com/web/fotos/lotes_130_nissan-frontier-leatx4-20-21_parquedosleilao.com_zzb0008727c3.JPG,N/A,"R$: 80.100,00","R$: 75.900,00",https://parquedosleiloesoficial.com/lote/NISSAN-FRONTIER-LEATX4-20-21-/130/,N/A,00007,N/A,N/A,ARREMATADO,N/A,22,NISSAN FRONTIER LEATX4 20/21,N/A,667
N/A,N/A,N/A,N/A,N/A,01/06/2025,05/06/2025,N/A,N/A,https://parquedosleiloesoficial.com/web/fotos/lotes_453_renault-duster-1-6-23-24_parquedosleilao.com_zze7797c277a.JPG,N/A,"R$: 61.000,00","R$: 55.800,00",https://parquedosleiloesoficial.com/lote/RENAULT-DUSTER-1.6-23-24-/453/,N/A,00007,N/A,N/A,ARREMATADO,N/A,27,RENAULT DUSTER 1.6 23/24,N/A,665
N/A,N/A,N/A,N/A,N/A,14/06/2025,18/06/2025,N/A,N/A,https://parquedosleiloesoficial.com/web/fotos/lotes_584_toyota-etios-1-3-14-14_parquedosleilao.com_zz540e74f519.JPG,N/A,"R$: 24.600,00","R$: 20.200,00",https://parquedosleiloesoficial.com/lote/TOYOTA-ETIOS-1.3-14-14-/584/,N/A,00007,N/A,N/A,ARREMATADO,N/A,23,TOYOTA ETIOS 1.3 14/14,N/A,571
N/A,N/A,N/A,N/A,N/A,02/06/2025,06/06/2025,N/A,N/A,https://parquedosleiloesoficial.com/web/fotos/lotes_644_volkswagen-golf-1-4-16-16_parquedosleilao.com_zz60fc575639.JPG,N/A,"R$: 0,00","R$: 35.400,00",https://parquedosleiloesoficial.com/lote/VOLKSWAGEN-GOLF-1.4-16-16-/644/,N/A,00007,N/A,N/A,NÃO ARREMATADO,N/A,0,VOLKSWAGEN GOLF 1.4 16/16,N/A,6
N/A,N/A,N/A,N/A,N/A,08/06/2025,12/06/2025,N/A,N/A,https://parquedosleiloesoficial.com/web/fotos/lotes_721_volkswagen-t-cross-1-0-22-22_parquedosleilao.com_zz36f4140a57.JPG,N/A,"R$: 52.800,00","R$: 48.800,00",https://parquedosleiloesoficial.com/lote/VOLKSWAGEN-T-CROSS-1.0-22-22-/721/,N/A,00007,N/A,N/A,ARREMATADO,N/A,21,VOLKSWAGEN T-CROSS 1.0 22/22,N/A,541
N/A,N/A,N/A,N/A,N/A,07/06/2025,11/06/2025,N/A,N/A,https://parquedosleiloesoficial.com/web/fotos/lotes_508_volvo-xc60-2-0-17-18_parquedosleilao.com_zz6b0b78bd46.jpg,N/A,"R$: 78.200,00","R$: 77.400,00",https://parquedosleiloesoficial.com/lote/VOLVO-XC60-2.0-17-18-/508/,N/A,00007,N/A,N/A,ARREMATADO,N/A,5,VOLVO XC60 2.0 17/18,N/A,53
N/A,N/A,N/A,N/A,N/A,07/06/2025,11/06/2025,N/A,N/A,https://parquedosleiloesoficial.com/web/fotos/lotes_509_fiat-argo-1-0-18-19_parquedosleilao.com_zza6b514a843.jpg,N/A,"R$: 0,00","R$: 26.300,00",https://parquedosleiloesoficial.com/lote/FIAT-ARGO-1.0-18-19-/509/,N/A,00008,N/A,N/A,NÃO ARREMATADO,N/A,0,FIAT ARGO 1.0 18/19,N/A,4
N/A,N/A,N/A,N/A,N/A,05/06/2025,09/06/2025,N/A,N/A,https://parquedosleiloesoficial.com/web/fotos/lotes_70_honda-civic-08-08_parquedosleilao.com_zz818a2b40b7.jpg,N/A,"R$: 16.400,00","R$: 11.800,00",https://parquedosleiloesoficial.com/lote/HONDA-CIVIC-08-08-/70/,N/A,00008,N/A,N/A,ARREMATADO,N/A,24,HONDA CIVIC 08/08,N/A,890
N/A,N/A,N/A,N/A,N/A,08/06/2025,12/06/2025,N/A,N/A,https://parquedosleiloesoficial.com/web/fotos/lotes_722_hyundai-creta-1-0-21-22_parquedosleilao.com_zz50416473e3.JPG,N/A,"R$: 66.100,00","R$: 62.700,00",https://parquedosleiloesoficial.com/lote/HYUNDAI-CRETA-1.0-21-22-/722/,N/A,00008,N/A,N/A,ARREMATADO,N/A,18,HYUNDAI CRETA 1.0 21/22,N/A,535
N/A,N/A,N/A,N/A,N/A,02/06/2025,06/06/2025,N/A,N/A,https://parquedosleiloesoficial.com/web/fotos/lotes_645_hyundai-hb20-1-0-21-21_parquedosleilao.com_zzdb8860e5f9.JPG,N/A,"R$: 0,00","R$: 20.500,00",https://parquedosleiloesoficial.com/lote/HYUNDAI-HB20-1.0-21-21--/645/,N/A,00008,N/A,N/A,NÃO ARREMATADO,N/A,0,HYUNDAI HB20 1.0 21/21,N/A,6
N/A,N/A,N/A,N/A,N/A,11/06/2025,13/06/2025,N/A,N/A,https://parquedosleiloesoficial.com/web/fotos/lotes_266_hyundai-hb20-16-16_parquedosleilao.com_zzd4a92dc498.jpg,N/A,"R$: 16.200,00","R$: 13.800,00",https://parquedosleiloesoficial.com/lote/HYUNDAI-HB20-16-16-/266/,N/A,00008,N/A,N/A,ARREMATADO,N/A,13,HYUNDAI HB20 16/16,N/A,303
N/A,N/A,N/A,N/A,N/A,31/05/2025,04/06/2025,N/A,N/A,https://parquedosleiloesoficial.com/web/fotos/lotes_131_kia-sportage-17-18_parquedosleilao.com_zzb2624f9b7d.jpg,N/A,"R$: 59.400,00","R$: 56.400,00",https://parquedosleiloesoficial.com/lote/KIA-SPORTAGE-17-18-/131/,N/A,00008,N/A,N/A,ARREMATADO,N/A,16,KIA SPORTAGE 17/18,N/A,578
2023,2022,Sim,FLEX,DA PARTIDA,17/06/2025,20/06/2025,"Marca: PEUGEOT 
Modelo: 208 
Versão: 208 ALLURE AT
KM: 41.918
Ano de Fabricação: 2022
Ano Modelo: 2023
Chaves: Sim
Condição do Motor: DA PARTIDA 
Tabela FIPE R$ 78.042,00
Final da Placa: 4
Combustível: FLEX
Procedência: RECUPERADO DE FINANCIAMENTO",4,https://parquedosleiloesoficial.com/web/fotos/lotes_10_peugeot-208-22-23_parquedosleilao.com_zzf1a61d6912.JPG,41.918,"R$: 43.100,00","R$: 39.500,00",https://parquedosleiloesoficial.com/lote/PEUGEOT-208-22-23-/10/,N/A,00008,PEUGEOT,RECUPERADO DE FINANCIAMENTO,RECEBENDO LANCES,"78.042,00",19,PEUGEOT 208 22/23,N/A,357
N/A,N/A,N/A,N/A,N/A,06/06/2025,10/06/2025,N/A,N/A,https://parquedosleiloesoficial.com/web/fotos/lotes_326_toyota-corolla-20-21_parquedosleilao.com_zz1ccd67999c.jpg,N/A,"R$: 0,00","R$: 46.300,00",https://parquedosleiloesoficial.com/lote/TOYOTA-COROLLA-20-21-/326/,N/A,00008,N/A,N/A,NÃO ARREMATADO,N/A,0,TOYOTA COROLLA 20/21,N/A,3
N/A,N/A,N/A,N/A,N/A,01/06/2025,05/06/2025,N/A,N/A,https://parquedosleiloesoficial.com/web/fotos/lotes_454_toyota-etios-1-5-14-15_parquedosleilao.com_zz3825062c13.JPG,N/A,"R$: 25.200,00","R$: 20.200,00",https://parquedosleiloesoficial.com/lote/TOYOTA-ETIOS-1.5-14-15-/454/,N/A,00008,N/A,N/A,ARREMATADO,N/A,26,TOYOTA ETIOS 1.5 14/15,N/A,613
N/A,N/A,N/A,N/A,N/A,12/06/2025,16/06/2025,N/A,N/A,https://parquedosleiloesoficial.com/web/fotos/lotes_386_volkswagen-gol-1-0-13-14_parquedosleilao.com_zz78dd8adc3f.JPG,N/A,"R$: 21.900,00","R$: 16.700,00",https://parquedosleiloesoficial.com/lote/VOLKSWAGEN-GOL-1.0-13-14-/386/,N/A,00008,N/A,N/A,ARREMATADO,N/A,27,VOLKSWAGEN GOL 1.0 13/14,N/A,971
N/A,N/A,N/A,N/A,N/A,14/06/2025,18/06/2025,N/A,N/A,https://parquedosleiloesoficial.com/web/fotos/lotes_585_volkswagen-gol-1-0-20-21_parquedosleilao.com_zzc05929bcff.JPG,N/A,"R$: 29.300,00","R$: 25.300,00",https://parquedosleiloesoficial.com/lote/VOLKSWAGEN-GOL-1.0-20-21-/585/,N/A,00008,N/A,N/A,ARREMATADO,N/A,21,VOLKSWAGEN GOL 1.0 20/21,N/A,579
N/A,N/A,N/A,N/A,N/A,11/06/2025,13/06/2025,N/A,N/A,https://parquedosleiloesoficial.com/web/fotos/lotes_267_fiat-argo-22-22_parquedosleilao.com_zza2e054494b.jpg,N/A,"R$: 22.500,00","R$: 20.300,00",https://parquedosleiloesoficial.com/lote/FIAT-ARGO-22-22-/267/,N/A,00009,N/A,N/A,ARREMATADO,N/A,12,FIAT ARGO 22/22,N/A,361
N/A,N/A,N/A,N/A,N/A,05/06/2025,09/06/2025,N/A,N/A,https://parquedosleiloesoficial.com/web/fotos/lotes_71_fiat-mobi-17-18_parquedosleilao.com_zze2c9f2e6e8.JPG,N/A,"R$: 16.500,00","R$: 10.500,00",https://parquedosleiloesoficial.com/lote/FIAT-MOBI-17-18-/71/,N/A,00009,N/A,N/A,ARREMATADO,N/A,31,FIAT MOBI 17/18,N/A,941
2023,2023,Sim,FLEX,DA PARTIDA,17/06/2025,20/06/2025,"Marca: PEUGEOT 
Modelo: MOBI 
Versão: MOBI LIKE
KM: 34.140
Ano de Fabricação: 2023
Ano Modelo: 2023
Chaves: Sim
Condição do Motor: DA PARTIDA 
Tabela FIPE R$ 52.436,00
Final da Placa: 6
Combustível: FLEX
Procedência: RECUPERADO DE FINANCIAMENTO",6,https://parquedosleiloesoficial.com/web/fotos/lotes_11_fiat-mobi-23-23_parquedosleilao.com_zz76255a8ddf.JPG,34.140,"R$: 29.300,00","R$: 26.900,00",https://parquedosleiloesoficial.com/lote/FIAT-MOBI-23-23-/11/,N/A,00009,PEUGEOT,RECUPERADO DE FINANCIAMENTO,RECEBENDO LANCES,"52.436,00",13,FIAT MOBI 23/23,N/A,429
N/A,N/A,N/A,N/A,N/A,01/06/2025,05/06/2025,N/A,N/A,https://parquedosleiloesoficial.com/web/fotos/lotes_455_ford-fiesta-1-6-13-13_parquedosleilao.com_zz9602ff907e.JPG,N/A,"R$: 18.800,00","R$: 15.400,00",https://parquedosleiloesoficial.com/lote/FORD-FIESTA-1.6-13-13-/455/,N/A,00009,N/A,N/A,ARREMATADO,N/A,18,FORD FIESTA 1.6 13/13,N/A,634
N/A,N/A,N/A,N/A,N/A,08/06/2025,12/06/2025,N/A,N/A,https://parquedosleiloesoficial.com/web/fotos/lotes_723_honda-fit-1-5-14-15_parquedosleilao.com_zz45e7944d8a.JPG,N/A,"R$: 34.900,00","R$: 31.500,00",https://parquedosleiloesoficial.com/lote/HONDA-FIT-1.5-14-15-/723/,N/A,00009,N/A,N/A,ARREMATADO,N/A,18,HONDA FIT 1.5 14/15,N/A,578
N/A,N/A,N/A,N/A,N/A,06/06/2025,10/06/2025,N/A,N/A,https://parquedosleiloesoficial.com/web/fotos/lotes_327_honda-fit-1-5-18-18_parquedosleilao.com_zz6c503269a0.jpg,N/A,"R$: 0,00","R$: 26.400,00",https://parquedosleiloesoficial.com/lote/HONDA-FIT-1.5-18-18-/327/,N/A,00009,N/A,N/A,NÃO ARREMATADO,N/A,0,HONDA FIT 1.5 18/18,N/A,3
N/A,N/A,N/A,N/A,N/A,14/06/2025,18/06/2025,N/A,N/A,https://parquedosleiloesoficial.com/web/fotos/lotes_586_hyundai-hb20-1-0-14-15_parquedosleilao.com_zzcf344b5f4d.JPG,N/A,"R$: 26.100,00","R$: 21.700,00",https://parquedosleiloesoficial.com/lote/HYUNDAI-HB20-1.0-14-15-/586/,N/A,00009,N/A,N/A,ARREMATADO,N/A,23,HYUNDAI HB20 1.0 14/15,N/A,590
N/A,N/A,N/A,N/A,N/A,12/06/2025,16/06/2025,N/A,N/A,https://parquedosleiloesoficial.com/web/fotos/lotes_387_hyundai-hb20x-1-6-16-16_parquedosleilao.com_zzf4b43f6581.JPG,N/A,"R$: 37.800,00","R$: 31.400,00",https://parquedosleiloesoficial.com/lote/HYUNDAI-HB20X-1.6-16-16-/387/,N/A,00009,N/A,N/A,ARREMATADO,N/A,33,HYUNDAI HB20X 1.6 16/16,N/A,927
N/A,N/A,N/A,N/A,N/A,31/05/2025,04/06/2025,N/A,N/A,https://parquedosleiloesoficial.com/web/fotos/lotes_132_mercedes-benz-a250-14-15_parquedosleilao.com_zz4c4500c62c.jpg,N/A,"R$: 63.400,00","R$: 59.200,00",https://parquedosleiloesoficial.com/lote/MERCEDES-BENZ-A250-14-15-/132/,N/A,00009,N/A,N/A,ARREMATADO,N/A,22,MERCEDES BENZ A250 14/15,N/A,597
N/A,N/A,N/A,N/A,N/A,07/06/2025,11/06/2025,N/A,N/A,https://parquedosleiloesoficial.com/web/fotos/lotes_510_toyota-corolla-1-8-15-16_parquedosleilao.com_zza703d1ecd4.jpg,N/A,"R$: 38.200,00","R$: 37.400,00",https://parquedosleiloesoficial.com/lote/TOYOTA-COROLLA-1.8-15-16-/510/,N/A,00009,N/A,N/A,ARREMATADO,N/A,5,TOYOTA COROLLA 1.8 15/16,N/A,36
N/A,N/A,N/A,N/A,N/A,02/06/2025,06/06/2025,N/A,N/A,https://parquedosleiloesoficial.com/web/fotos/lotes_646_toyota-hilux-2-8-21-21_parquedosleilao.com_zz6d475cfce0.JPG,N/A,"R$: 0,00","R$: 109.300,00",https://parquedosleiloesoficial.com/lote/TOYOTA-HILUX-2.8-21-21-/646/,N/A,00009,N/A,N/A,NÃO ARREMATADO,N/A,0,TOYOTA HILUX 2.8 21/21,N/A,9
N/A,N/A,N/A,N/A,N/A,31/05/2025,04/06/2025,N/A,N/A,https://parquedosleiloesoficial.com/web/fotos/lotes_133_caoa-chery-arrizo-20-21_parquedosleilao.com_zzf7937c390a.JPG,N/A,"R$: 46.600,00","R$: 43.600,00",https://parquedosleiloesoficial.com/lote/CAOA-CHERY-ARRIZO-20-21-/133/,N/A,00010,N/A,N/A,ARREMATADO,N/A,16,CAOA CHERY ARRIZO 20/21,N/A,551
N/A,N/A,N/A,N/A,N/A,11/06/2025,13/06/2025,N/A,N/A,https://parquedosleiloesoficial.com/web/fotos/lotes_268_chevrolet-cobalt-19-20_parquedosleilao.com_zz1be5e19492.JPG,N/A,"R$: 23.800,00","R$: 21.200,00",https://parquedosleiloesoficial.com/lote/CHEVROLET-COBALT-19-20-/268/,N/A,00010,N/A,N/A,ARREMATADO,N/A,14,CHEVROLET COBALT 19/20,N/A,319
2016,2016,Sim,FLEX,DA PARTIDA,17/06/2025,20/06/2025,"Marca: CHEVROLET 
Modelo: CRUZE 
Versão: CRUZE LTZ 1.8 16V ECOTEC6
KM: 140.007
Ano de Fabricação: 2016
Ano Modelo: 2016
Chaves: Sim
Condição do Motor: DA PARTIDA 
Tabela FIPE R$ 73.280,00
Final da Placa: 6
Combustível: FLEX
Procedência: RECUPERADO DE FINANCIAMENTO",6,https://parquedosleiloesoficial.com/web/fotos/lotes_12_chevrolet-cruze-16-16_parquedosleilao.com_zz29075772eb.JPG,140.007,"R$: 40.000,00","R$: 36.800,00",https://parquedosleiloesoficial.com/lote/CHEVROLET-CRUZE-16-16-/12/,N/A,00010,CHEVROLET,RECUPERADO DE FINANCIAMENTO,RECEBENDO LANCES,"73.280,00",17,CHEVROLET CRUZE 16/16,N/A,430
N/A,N/A,N/A,N/A,N/A,07/06/2025,11/06/2025,N/A,N/A,https://parquedosleiloesoficial.com/web/fotos/lotes_511_fiat-palio-1-6-13-13_parquedosleilao.com_zz353963e59b.jpg,N/A,"R$: 0,00","R$: 19.200,00",https://parquedosleiloesoficial.com/lote/FIAT-PALIO-1.6-13-13-/511/,N/A,00010,N/A,N/A,NÃO ARREMATADO,N/A,0,FIAT PALIO 1.6 13/13,N/A,3
N/A,N/A,N/A,N/A,N/A,05/06/2025,09/06/2025,N/A,N/A,https://parquedosleiloesoficial.com/web/fotos/lotes_72_fiat-punto-12-13_parquedosleilao.com_zz738e35496c.jpg,N/A,"R$: 15.800,00","R$: 11.200,00",https://parquedosleiloesoficial.com/lote/FIAT-PUNTO-12-13-/72/,N/A,00010,N/A,N/A,ARREMATADO,N/A,24,FIAT PUNTO 12/13,N/A,927
N/A,N/A,N/A,N/A,N/A,01/06/2025,05/06/2025,N/A,N/A,https://parquedosleiloesoficial.com/web/fotos/lotes_456_ford-focus-1-6-12-13_parquedosleilao.com_zz06361de978.JPG,N/A,"R$: 21.300,00","R$: 18.300,00",https://parquedosleiloesoficial.com/lote/FORD-FOCUS-1.6-12-13--/456/,N/A,00010,N/A,N/A,ARREMATADO,N/A,16,FORD FOCUS 1.6 12/13,N/A,693
N/A,N/A,N/A,N/A,N/A,02/06/2025,06/06/2025,N/A,N/A,https://parquedosleiloesoficial.com/web/fotos/lotes_647_honda-hr-v-1-8-15-16_parquedosleilao.com_zz709637ebb7.JPG,N/A,"R$: 0,00","R$: 32.600,00",https://parquedosleiloesoficial.com/lote/HONDA-HR-V-1.8-15-16-/647/,N/A,00010,N/A,N/A,NÃO ARREMATADO,N/A,0,HONDA HR-V 1.8 15/16,N/A,7
N/A,N/A,N/A,N/A,N/A,08/06/2025,12/06/2025,N/A,N/A,https://parquedosleiloesoficial.com/web/fotos/lotes_724_hyundai-hb20s-1-0-22-23_parquedosleilao.com_zz0fb9423abf.JPG,N/A,"R$: 39.900,00","R$: 37.100,00",https://parquedosleiloesoficial.com/lote/HYUNDAI-HB20S-1.0-22-23-/724/,N/A,00010,N/A,N/A,ARREMATADO,N/A,15,HYUNDAI HB20S 1.0 22/23,N/A,538
N/A,N/A,N/A,N/A,N/A,14/06/2025,18/06/2025,N/A,N/A,https://parquedosleiloesoficial.com/web/fotos/lotes_587_hyundai-ix35-2-0-19-20_parquedosleilao.com_zz90a4700dcf.JPG,N/A,"R$: 50.400,00","R$: 46.200,00",https://parquedosleiloesoficial.com/lote/HYUNDAI-IX35-2.0-19-20-/587/,N/A,00010,N/A,N/A,ARREMATADO,N/A,22,HYUNDAI IX35 2.0 19/20,N/A,554
N/A,N/A,N/A,N/A,N/A,12/06/2025,16/06/2025,N/A,N/A,https://parquedosleiloesoficial.com/web/fotos/lotes_388_toyota-hilux-2-8-18-18_parquedosleilao.com_zz1300d2979a.JPG,N/A,"R$: 93.100,00","R$: 88.500,00",https://parquedosleiloesoficial.com/lote/TOYOTA-HILUX-2.8-18-18-/388/,N/A,00010,N/A,N/A,ARREMATADO,N/A,24,TOYOTA HILUX 2.8 18/18,N/A,893
N/A,N/A,N/A,N/A,N/A,06/06/2025,10/06/2025,N/A,N/A,https://parquedosleiloesoficial.com/web/fotos/lotes_328_volkswagen-fox-1-0-15-15_parquedosleilao.com_zz96aa8d9b4b.jpg,N/A,"R$: 0,00","R$: 11.600,00",https://parquedosleiloesoficial.com/lote/VOLKSWAGEN-FOX-1.0-15-15-/328/,N/A,00010,N/A,N/A,NÃO ARREMATADO,N/A,0,VOLKSWAGEN FOX 1.0 15/15,N/A,4
N/A,N/A,N/A,N/A,N/A,11/06/2025,13/06/2025,N/A,N/A,https://parquedosleiloesoficial.com/web/fotos/lotes_269_chevrolet-montana-12-12_parquedosleilao.com_zzd69c924541.jpg,N/A,"R$: 10.700,00","R$: 8.500,00",https://parquedosleiloesoficial.com/lote/CHEVROLET-MONTANA-12-12-/269/,N/A,00011,N/A,N/A,ARREMATADO,N/A,12,CHEVROLET MONTANA 12/12,N/A,316
N/A,N/A,N/A,N/A,N/A,05/06/2025,09/06/2025,N/A,N/A,https://parquedosleiloesoficial.com/web/fotos/lotes_73_chevrolet-s10-16-17_parquedosleilao.com_zz00ff4adeee.jpg,N/A,"R$: 70.500,00","R$: 64.300,00",https://parquedosleiloesoficial.com/lote/CHEVROLET-S10-16-17-/73/,N/A,00011,N/A,N/A,ARREMATADO,N/A,32,CHEVROLET S10 16/17,N/A,843
N/A,N/A,N/A,N/A,N/A,14/06/2025,18/06/2025,N/A,N/A,https://parquedosleiloesoficial.com/web/fotos/lotes_588_citroen-c3-1-0-23-24_parquedosleilao.com_zzb9e3c1e422.JPG,N/A,"R$: 39.600,00","R$: 35.600,00",https://parquedosleiloesoficial.com/lote/CITROEN-C3-1.0-23-24-/588/,N/A,00011,N/A,N/A,ARREMATADO,N/A,21,CITROEN C3 1.0 23/24,N/A,568
N/A,N/A,N/A,N/A,N/A,31/05/2025,04/06/2025,N/A,N/A,https://parquedosleiloesoficial.com/web/fotos/lotes_134_citroen-c4-cactus-21-22_parquedosleilao.com_zz2c3267054e.JPG,N/A,"R$: 42.100,00","R$: 38.500,00",https://parquedosleiloesoficial.com/lote/CITROEN-C4-CACTUS-21-22-/134/,N/A,00011,N/A,N/A,ARREMATADO,N/A,19,CITROEN C4 CACTUS 21/22,N/A,539
N/A,N/A,N/A,N/A,N/A,06/06/2025,10/06/2025,N/A,N/A,https://parquedosleiloesoficial.com/web/fotos/lotes_329_fiat-argo-1-0-18-18_parquedosleilao.com_zz1f139465e1.jpg,N/A,"R$: 0,00","R$: 16.800,00",https://parquedosleiloesoficial.com/lote/FIAT-ARGO-1.0-18-18-/329/,N/A,00011,N/A,N/A,NÃO ARREMATADO,N/A,0,FIAT ARGO 1.0 18/18,N/A,3
N/A,N/A,N/A,N/A,N/A,01/06/2025,05/06/2025,N/A,N/A,https://parquedosleiloesoficial.com/web/fotos/lotes_457_fiat-freemont-2-4-12-12_parquedosleilao.com_zz63a097d46e.JPG,N/A,"R$: 27.800,00","R$: 24.800,00",https://parquedosleiloesoficial.com/lote/FIAT-FREEMONT-2.4-12-12-/457/,N/A,00011,N/A,N/A,ARREMATADO,N/A,16,FIAT FREEMONT 2.4 12/12,N/A,652
N/A,N/A,N/A,N/A,N/A,07/06/2025,11/06/2025,N/A,N/A,https://parquedosleiloesoficial.com/web/fotos/lotes_512_hyundai-hb20-1-0-18-18_parquedosleilao.com_zz55dc0e97ad.jpg,N/A,"R$: 0,00","R$: 25.600,00",https://parquedosleiloesoficial.com/lote/HYUNDAI-HB20-1.0-18-18-/512/,N/A,00011,N/A,N/A,NÃO ARREMATADO,N/A,0,HYUNDAI HB20 1.0 18/18,N/A,3
N/A,N/A,N/A,N/A,N/A,12/06/2025,16/06/2025,N/A,N/A,https://parquedosleiloesoficial.com/web/fotos/lotes_389_renault-kwid-1-0-22-23_parquedosleilao.com_zz1505d60fd0.JPG,N/A,"R$: 33.000,00","R$: 26.600,00",https://parquedosleiloesoficial.com/lote/RENAULT-KWID-1.0-22-23-/389/,N/A,00011,N/A,N/A,ARREMATADO,N/A,33,RENAULT KWID 1.0 22/23,N/A,872
2015,2014,Sim,FLEX,DA PARTIDA,17/06/2025,20/06/2025,"Marca: RENAULT
Modelo: SANDERO 
Versão: SANDERO EXPR 16
KM: 141.769
Ano de Fabricação: 2014
Ano Modelo: 2015
Chaves: Sim
Condição do Motor: DA PARTIDA 
Tabela FIPE R$ 37.605,00
Final da Placa: 9
Combustível: FLEX
Procedência: RECUPERADO DE FINANCIAMENTO",9,https://parquedosleiloesoficial.com/web/fotos/lotes_13_renault-sandero-14-15_parquedosleilao.com_zzd42f8cb23b.JPG,141.769,"R$: 22.300,00","R$: 18.300,00",https://parquedosleiloesoficial.com/lote/RENAULT-SANDERO-14-15-/13/,N/A,00011,RENAULT,RECUPERADO DE FINANCIAMENTO,RECEBENDO LANCES,"37.605,00",21,RENAULT SANDERO 14/15,N/A,400
N/A,N/A,N/A,N/A,N/A,08/06/2025,12/06/2025,N/A,N/A,https://parquedosleiloesoficial.com/web/fotos/lotes_725_toyota-hilux-2-8-16-17_parquedosleilao.com_zza0735703b2.JPG,N/A,"R$: 87.000,00","R$: 83.400,00",https://parquedosleiloesoficial.com/lote/TOYOTA-HILUX-2.8-16-17-/725/,N/A,00011,N/A,N/A,ARREMATADO,N/A,19,TOYOTA HILUX 2.8 16/17,N/A,572
N/A,N/A,N/A,N/A,N/A,02/06/2025,06/06/2025,N/A,N/A,https://parquedosleiloesoficial.com/web/fotos/lotes_648_volkswagen-jetta-2-0-13-13_parquedosleilao.com_zza934e86b3c.JPG,N/A,"R$: 0,00","R$: 21.500,00",https://parquedosleiloesoficial.com/lote/VOLKSWAGEN-JETTA-2.0-13-13-/648/,N/A,00011,N/A,N/A,NÃO ARREMATADO,N/A,0,VOLKSWAGEN JETTA 2.0 13/13,N/A,5
N/A,N/A,N/A,N/A,N/A,14/06/2025,18/06/2025,N/A,N/A,https://parquedosleiloesoficial.com/web/fotos/lotes_589_ford-ka-1-0-17-18_parquedosleilao.com_zzdd164dda93.JPG,N/A,"R$: 25.000,00","R$: 21.400,00",https://parquedosleiloesoficial.com/lote/FORD-KA-1.0-17-18-/589/,N/A,00012,N/A,N/A,ARREMATADO,N/A,19,FORD KA 1.0 17/18,N/A,526
N/A,N/A,N/A,N/A,N/A,08/06/2025,12/06/2025,N/A,N/A,https://parquedosleiloesoficial.com/web/fotos/lotes_726_honda-hr-v-1-8-20-20_parquedosleilao.com_zz02d0a40ead.JPG,N/A,"R$: 57.000,00","R$: 53.800,00",https://parquedosleiloesoficial.com/lote/HONDA-HR-V-1.8-20-20-/726/,N/A,00012,N/A,N/A,ARREMATADO,N/A,17,HONDA HR-V 1.8 20/20,N/A,515
N/A,N/A,N/A,N/A,N/A,06/06/2025,10/06/2025,N/A,N/A,https://parquedosleiloesoficial.com/web/fotos/lotes_330_nissan-frontier-2-3-18-18_parquedosleilao.com_zzbe82e5d977.jpg,N/A,"R$: 0,00","R$: 57.200,00",https://parquedosleiloesoficial.com/lote/NISSAN-FRONTIER-2.3-18-18-/330/,N/A,00012,N/A,N/A,NÃO ARREMATADO,N/A,0,NISSAN FRONTIER 2.3 18/18,N/A,3
N/A,N/A,N/A,N/A,N/A,01/06/2025,05/06/2025,N/A,N/A,https://parquedosleiloesoficial.com/web/fotos/lotes_458_nissan-frontier-21-21_parquedosleilao.com_zz2038934ce7.JPG,N/A,"R$: 89.900,00","R$: 85.700,00",https://parquedosleiloesoficial.com/lote/NISSAN-FRONTIER-21-21-/458/,N/A,00012,N/A,N/A,ARREMATADO,N/A,22,NISSAN FRONTIER 21/21,N/A,645
N/A,N/A,N/A,N/A,N/A,02/06/2025,06/06/2025,N/A,N/A,https://parquedosleiloesoficial.com/web/fotos/lotes_649_nissan-kicks-1-6-22-22_parquedosleilao.com_zz94dc5cc28e.JPG,N/A,"R$: 0,00","R$: 43.200,00",https://parquedosleiloesoficial.com/lote/NISSAN-KICKS-1.6-22-22-/649/,N/A,00012,N/A,N/A,NÃO ARREMATADO,N/A,0,NISSAN KICKS 1.6 22/22,N/A,5
N/A,N/A,N/A,N/A,N/A,11/06/2025,13/06/2025,N/A,N/A,https://parquedosleiloesoficial.com/web/fotos/lotes_270_nissan-kicks-21-22_parquedosleilao.com_zz4afcb6d177.JPG,N/A,"R$: 42.800,00","R$: 39.600,00",https://parquedosleiloesoficial.com/lote/NISSAN-KICKS-21-22-/270/,N/A,00012,N/A,N/A,ARREMATADO,N/A,17,NISSAN KICKS 21/22,N/A,321
2023,2022,Sim,FLEX,DA PARTIDA,17/06/2025,20/06/2025,"Marca: RENAULT
Modelo: DUSTER 
Versão: DUSTER ZEN 16
KM: 84.487
Ano de Fabricação: 2022
Ano Modelo: 2023
Chaves: Sim
Condição do Motor: DA PARTIDA 
Tabela FIPE R$ 83.728,00
Final da Placa: 1
Combustível: FLEX
Procedência: RECUPERADO DE FINANCIAMENTO",1,https://parquedosleiloesoficial.com/web/fotos/lotes_14_renault-duster-22-23_parquedosleilao.com_zz75fd1a62dc.JPG,84.487,"R$: 44.900,00","R$: 42.900,00",https://parquedosleiloesoficial.com/lote/RENAULT-DUSTER-22-23-/14/,N/A,00012,RENAULT,RECUPERADO DE FINANCIAMENTO,RECEBENDO LANCES,"83.728,00",11,RENAULT DUSTER 22/23,N/A,396
N/A,N/A,N/A,N/A,N/A,12/06/2025,16/06/2025,N/A,N/A,https://parquedosleiloesoficial.com/web/fotos/lotes_390_renault-logan-1-6-14-15_parquedosleilao.com_zzd0e0c16551.JPG,N/A,"R$: 21.700,00","R$: 17.500,00",https://parquedosleiloesoficial.com/lote/RENAULT-LOGAN-1.6-14-15-/390/,N/A,00012,N/A,N/A,ARREMATADO,N/A,22,RENAULT LOGAN 1.6 14/15,N/A,922
N/A,N/A,N/A,N/A,N/A,31/05/2025,04/06/2025,N/A,N/A,https://parquedosleiloesoficial.com/web/fotos/lotes_135_toyota-corolla-20-21_parquedosleilao.com_zz04a68fd6a9.JPG,N/A,"R$: 64.300,00","R$: 60.700,00",https://parquedosleiloesoficial.com/lote/TOYOTA-COROLLA-20-21-/135/,N/A,00012,N/A,N/A,ARREMATADO,N/A,19,TOYOTA COROLLA 20/21,N/A,590
N/A,N/A,N/A,N/A,N/A,05/06/2025,09/06/2025,N/A,N/A,https://parquedosleiloesoficial.com/web/fotos/lotes_74_volkswagen-amarok-17-17_parquedosleilao.com_zz146ae8acf6.JPG,N/A,"R$: 60.300,00","R$: 55.700,00",https://parquedosleiloesoficial.com/lote/VOLKSWAGEN-AMAROK-17-17-/74/,N/A,00012,N/A,N/A,ARREMATADO,N/A,24,VOLKSWAGEN AMAROK 17/17,N/A,903
N/A,N/A,N/A,N/A,N/A,07/06/2025,11/06/2025,N/A,N/A,https://parquedosleiloesoficial.com/web/fotos/lotes_513_volkswagen-polo-1-0-18-18_parquedosleilao.com_zzcb0fc35350.jpg,N/A,"R$: 40.800,00","R$: 39.800,00",https://parquedosleiloesoficial.com/lote/VOLKSWAGEN-POLO-1.0-18-18-/513/,N/A,00012,N/A,N/A,ARREMATADO,N/A,6,VOLKSWAGEN POLO 1.0 18/18,N/A,49
N/A,N/A,N/A,N/A,N/A,12/06/2025,16/06/2025,N/A,N/A,https://parquedosleiloesoficial.com/web/fotos/lotes_391_chevrolet-onix-1-0-18-18_parquedosleilao.com_zzd2265f1e87.JPG,N/A,"R$: 28.800,00","R$: 23.600,00",https://parquedosleiloesoficial.com/lote/CHEVROLET-ONIX-1.0-18-18-/391/,N/A,00013,N/A,N/A,ARREMATADO,N/A,27,CHEVROLET ONIX 1.0 18/18,N/A,937
N/A,N/A,N/A,N/A,N/A,11/06/2025,13/06/2025,N/A,N/A,https://parquedosleiloesoficial.com/web/fotos/lotes_271_fiat-uno-12-12_parquedosleilao.com_zz1a391c629c.jpg,N/A,"R$: 11.100,00","R$: 7.900,00",https://parquedosleiloesoficial.com/lote/FIAT-UNO-12-12--/271/,N/A,00013,N/A,N/A,ARREMATADO,N/A,17,FIAT UNO 12/12,N/A,334
N/A,N/A,N/A,N/A,N/A,06/06/2025,10/06/2025,N/A,N/A,https://parquedosleiloesoficial.com/web/fotos/lotes_331_ford-fusion-2-0-14-15_parquedosleilao.com_zz07bfbdd017.jpg,N/A,"R$: 0,00","R$: 25.400,00",https://parquedosleiloesoficial.com/lote/FORD-FUSION-2.0-14-15-/331/,N/A,00013,N/A,N/A,NÃO ARREMATADO,N/A,0,FORD FUSION 2.0 14/15,N/A,3
N/A,N/A,N/A,N/A,N/A,05/06/2025,09/06/2025,N/A,N/A,https://parquedosleiloesoficial.com/web/fotos/lotes_75_jeep-compass-20-21_parquedosleilao.com_zzb35f787171.JPG,N/A,"R$: 57.200,00","R$: 52.600,00",https://parquedosleiloesoficial.com/lote/JEEP-COMPASS-20-21-/75/,N/A,00013,N/A,N/A,ARREMATADO,N/A,24,JEEP COMPASS 20/21,N/A,848
N/A,N/A,N/A,N/A,N/A,02/06/2025,06/06/2025,N/A,N/A,https://parquedosleiloesoficial.com/web/fotos/lotes_650_renault-kwid-1-0-19-20_parquedosleilao.com_zz41f84055f9.JPG,N/A,"R$: 0,00","R$: 10.600,00",https://parquedosleiloesoficial.com/lote/RENAULT-KWID-1.0-19-20-/650/,N/A,00013,N/A,N/A,NÃO ARREMATADO,N/A,0,RENAULT KWID 1.0 19/20,N/A,4
N/A,N/A,N/A,N/A,N/A,14/06/2025,18/06/2025,N/A,N/A,https://parquedosleiloesoficial.com/web/fotos/lotes_590_renault-kwid-1-0-21-22_parquedosleilao.com_zz93e41b05a8.JPG,N/A,"R$: 27.900,00","R$: 24.300,00",https://parquedosleiloesoficial.com/lote/RENAULT-KWID-1.0-21-22-/590/,N/A,00013,N/A,N/A,ARREMATADO,N/A,19,RENAULT KWID 1.0 21/22,N/A,612
N/A,N/A,N/A,N/A,N/A,08/06/2025,12/06/2025,N/A,N/A,https://parquedosleiloesoficial.com/web/fotos/lotes_727_renault-kwid-1-0-22-23_parquedosleilao.com_zz7d66ff6d53.JPG,N/A,"R$: 33.800,00","R$: 29.200,00",https://parquedosleiloesoficial.com/lote/RENAULT-KWID-1.0-22-23-/727/,N/A,00013,N/A,N/A,ARREMATADO,N/A,24,RENAULT KWID 1.0 22/23,N/A,566
2023,2022,Sim,FLEX,DA PARTIDA,17/06/2025,20/06/2025,"Marca: TOYOTA
Modelo: COROLLA CROSS
Versão: COROLLA CROSS XRE 20
KM: 45.112
Ano de Fabricação: 2022
Ano Modelo: 2023
Chaves: Sim
Condição do Motor: DA PARTIDA 
Tabela FIPE R$ 140.981,00
Final da Placa: 3
Combustível: FLEX
Procedência: RECUPERADO DE FINANCIAMENTO",3,https://parquedosleiloesoficial.com/web/fotos/lotes_15_toyota-corolla-cross-22-23_parquedosleilao.com_zz36a112b098.JPG,45.112,"R$: 73.600,00","R$: 70.200,00",https://parquedosleiloesoficial.com/lote/TOYOTA-COROLLA-CROSS-22-23-/15/,N/A,00013,TOYOTA,RECUPERADO DE FINANCIAMENTO,RECEBENDO LANCES,"140.981,00",18,TOYOTA COROLLA CROSS 22/23,N/A,437
